File Name,Number of Words in File,Content
class_11_accounts_chapter_4_0.txt,275,"['I', 'I', 'IOCHL', 'J', 'l', 'Recording', 'of', 'Transactions', 'II', 'After', 'chapter', 'you', 'will', 'be', 'able', 'to', 'LEARNING', 'OBJECTIVES', 'studying', 'this', 'state', 'the', 'need', 'for', 'special', 'purpose', 'books', 'record', 'the', 'transactions', 'in', 'cash', 'book', 'and', 'post', 'them', 'in', 'the', 'ledger', 'prepare', 'the', 'petty', 'cash', 'book', 'record', 'the', 'transactions', 'in', 'the', 'special', 'purpose', 'books', 'post', 'the', 'entries', 'in', 'the', 'special', 'purpose', 'book', 'and', 'to', 'the', 'ledger', 'balance', 'the', 'ledger', 'accounts', 'n', 'chapter', 'you', 'learnt', 'that', 'all', 'the', 'business', 'transactions', 'are', 'first', 'recorded', 'in', 'the', 'journal', 'and', 'then', 'they', 'are', 'posted', 'in', 'the', 'ledger', 'accounts', 'A', 'small', 'business', 'may', 'be', 'able', 'to', 'record', 'all', 'its', 'transactions', 'in', 'one', 'book', 'only', 'i', 'e', 'the', 'journal', 'But', 'as', 'the', 'business', 'expands', 'and', 'the', 'number', 'of', 'transactions', 'becomes', 'large', 'it', 'may', 'become', 'cumbersome', 'to', 'jour', 'nalise', 'each', 'transaction', 'For', 'quick', 'efficient', 'and', 'accurate', 'recording', 'of', 'business', 'transactions', 'Journal', 'is', 'sub', 'divided', 'into', 'special', 'journals', 'Many', 'of', 'the', 'business', 'transactions', 'are', 'repetitive', 'in', 'nature', 'They', 'can', 'be', 'easily', 'recorded', 'in', 'special', 'journals', 'each', 'meant', 'for', 'recording', 'all', 'the', 'transactions', 'of', 'a', 'similar', 'nature', 'For', 'example', 'all', 'cash', 'transactions', 'may', 'be', 'recorded', 'in', 'one', 'book', 'all', 'credit', 'sales', 'transactions', 'in', 'another', 'book', 'and', 'all', 'credit', 'purchases', 'transactions', 'in', 'yet', 'another', 'book', 'and', 'so', 'on', 'These', 'special', 'journals', 'are', 'also', 'called', 'daybooks', 'or', 'subsidiary', 'books', 'Transactions', 'that', 'cannot', 'be', 'recorded', 'in', 'any', 'special', 'journal', 'are', 'recorded', 'in', 'journal', 'called', 'the', 'Journal', 'Proper', 'Special', 'journals', 'prove', 'economical', 'and', 'make', 'division', 'of', 'labour', 'possible', 'in', 'accounting', 'work', 'In', 'this', 'chapter', 'we', 'will', 'discuss', 'the', 'following', 'special', 'purpose', 'books', 'Cash', 'Book', 'Purchases', 'Book', 'Purchases', 'Return', 'Retum', 'Outwards', 'Book', 'Sales', 'Book', 'Sales', 'Return', 'Return', 'Inwards', 'Book', 'Journal', 'Proper']"
class_11_accounts_chapter_4_1.txt,266,"['Accountancy', 'Cash', 'Book', 'Cash', 'book', 'is', 'a', 'book', 'in', 'which', 'all', 'transactions', 'relating', 'to', 'cash', 'receipts', 'and', 'cash', 'payments', 'are', 'recorded', 'It', 'starts', 'with', 'the', 'cash', 'or', 'bank', 'balances', 'at', 'the', 'beginning', 'of', 'the', 'period', 'Generally', 'it', 'is', 'made', 'on', 'monthly', 'basis', 'This', 'is', 'a', 'very', 'popular', 'book', 'and', 'is', 'maintained', 'by', 'all', 'organisations', 'big', 'or', 'small', 'profit', 'or', 'not', 'for', 'profit', 'It', 'serves', 'the', 'purpose', 'of', 'both', 'journal', 'as', 'well', 'as', 'the', 'ledger', 'cash', 'account', 'It', 'is', 'also', 'called', 'the', 'book', 'of', 'original', 'entry', 'When', 'a', 'cashbook', 'is', 'maintained', 'transactions', 'of', 'cash', 'are', 'not', 'recorded', 'in', 'the', 'journal', 'and', 'no', 'separate', 'account', 'for', 'cash', 'or', 'bank', 'is', 'required', 'in', 'the', 'ledger', 'Single', 'Column', 'Cash', 'Back', 'The', 'single', 'column', 'cash', 'book', 'records', 'all', 'cash', 'transactions', 'of', 'the', 'business', 'in', 'a', 'chronological', 'order', 'i', 'e', 'it', 'is', 'a', 'complete', 'record', 'of', 'cash', 'receipts', 'and', 'cash', 'payments', 'When', 'all', 'receipts', 'and', 'payments', 'are', 'made', 'in', 'cash', 'by', 'a', 'business', 'organisation', 'only', 'the', 'cash', 'book', 'contains', 'only', 'one', 'amount', 'column', 'on', 'each', 'debit', 'and', 'credit', 'side', 'The', 'format', 'of', 'single', 'column', 'cash', 'book', 'is', 'shown', 'in', 'figure', 'Cash', 'Book', 'Dr', 'Cr', 'Fig', 'Format', 'of', 'single', 'column', 'cash', 'book', 'Recording', 'of', 'entries', 'in', 'the', 'single', 'column', 'cash', 'book', 'and', 'its', 'balancing', 'is', 'illustrated', 'by', 'an', 'example', 'Consider', 'the', 'following', 'transactions', 'of', 'M', 's', 'Roopa', 'Traders', 'observe', 'how', 'they', 'are', 'recorded', 'in', 'a', 'single', 'column', 'cash', 'book', 'Cash', 'in', 'hand', 'Cash', 'received', 'from', 'Gurmeet', 'Insurance', 'paid', 'Annual', 'Instalment', 'Purchased', 'furniture', 'Sold', 'goods', 'for', 'cash', 'Purchased', 'goods', 'from', 'Mudit', 'in', 'cash', 'Purchase', 'stationery', 'Cash', 'paid', 'to', 'Rukmani', 'in', 'full', 'settlement', 'of', 'account']"
class_11_accounts_chapter_4_2.txt,196,"['Recording', 'of', 'Transactions', 'II', 'Sold', 'goods', 'to', 'Kamal', 'for', 'cash', 'Paid', 'monthly', 'rent', 'Paid', 'salary', 'Deposited', 'in', 'bank', 'Roopa', 'Traders', 'Cash', 'Book', 'Dr', 'Cr', 'Balance', 'b', 'd', 'Insurance', 'Gurmeet', 'Furniture', 'Sales', 'Purchases', 'Sales', 'Stationery', 'Rukmani', 'Balance', 'd', 'Balance', 'b', 'd', 'Posting', 'of', 'the', 'Single', 'Column', 'Cash', 'Book', 'As', 'evident', 'from', 'figure', 'the', 'left', 'side', 'of', 'the', 'cash', 'book', 'shows', 'the', 'receipts', 'of', 'the', 'cash', 'whereas', 'the', 'right', 'side', 'of', 'the', 'cash', 'book', 'shows', 'all', 'the', 'payments', 'made', 'in', 'cash', 'The', 'accounts', 'appearing', 'on', 'then', 'debit', 'side', 'for', 'the', 'cash', 'book', 'are', 'credited', 'in', 'the', 'respective', 'ledger', 'accounts', 'because', 'cash', 'has', 'been', 'received', 'in', 'respect', 'of', 'them', 'Thus', 'in', 'our', 'example', 'an', 'entry', 'cash', 'received', 'from', 'Gurmeet', 'appears', 'on', 'the', 'debit', 'side', 'of', 'the', 'cash', 'book', 'conveys', 'that', 'the', 'cash', 'has', 'been', 'received', 'from', 'Gurmeet', 'Therefore', 'in', 'the', 'ledger', 'Gurmeet', 's', 'account', 'will', 'be', 'credited', 'by', 'writing', 'Cash', 'in', 'the', 'particulars', 'column', 'on', 'the', 'credit', 'side', 'Similarly', 'all', 'the', 'account', 'names', 'appearing', 'on', 'the', 'credit', 'side', 'of', 'the', 'cash', 'book', 'are', 'debited', 'as', 'cash', 'cheque', 'has', 'been', 'paid', 'in', 'respect', 'of', 'them', 'Now', 'notice', 'how', 'the', 'transactions', 'in', 'our', 'example', 'are', 'posted', 'to', 'the', 'related', 'ledger', 'accounts']"
class_11_biology_chapter_1_0.txt,224,"['Chapter', 'The', 'Living', 'World', 'Chapter', 'Biological', 'Classification', 'Chapter', 'Plant', 'Kingdom', 'Chapter', 'Animal', 'Kingdom', 'UNIT', 'I', 'DIVERSITY', 'IN', 'THE', 'LIVING', 'WORLD', 'Biology', 'is', 'the', 'science', 'of', 'life', 'forms', 'and', 'living', 'processes', 'The', 'living', 'world', 'comprises', 'an', 'amazing', 'diversity', 'of', 'living', 'organisms', 'Early', 'man', 'could', 'easily', 'perceive', 'the', 'difference', 'between', 'inanimate', 'matter', 'and', 'living', 'organisms', 'Early', 'man', 'deified', 'some', 'of', 'the', 'inanimate', 'matter', 'wind', 'sea', 'fire', 'etc', 'and', 'some', 'among', 'the', 'animals', 'and', 'plants', 'A', 'common', 'feature', 'of', 'all', 'such', 'forms', 'of', 'inanimate', 'and', 'animate', 'objects', 'was', 'the', 'sense', 'of', 'awe', 'or', 'fear', 'that', 'they', 'evoked', 'The', 'description', 'of', 'living', 'organisms', 'including', 'human', 'beings', 'began', 'much', 'later', 'in', 'human', 'history', 'Societies', 'which', 'indulged', 'in', 'anthropocentric', 'view', 'of', 'biology', 'could', 'register', 'limited', 'progress', 'in', 'biological', 'knowledge', 'Systematic', 'and', 'monumental', 'description', 'of', 'life', 'forms', 'brought', 'in', 'out', 'of', 'necessity', 'detailed', 'systems', 'of', 'identification', 'nomenclature', 'and', 'classification', 'The', 'biggest', 'spin', 'off', 'of', 'such', 'studies', 'was', 'the', 'recognition', 'of', 'the', 'sharing', 'of', 'similarities', 'among', 'living', 'organisms', 'both', 'horizontally', 'and', 'vertically', 'That', 'all', 'present', 'day', 'living', 'organisms', 'are', 'related', 'to', 'each', 'other', 'and', 'also', 'to', 'all', 'organisms', 'that', 'ever', 'lived', 'on', 'this', 'earth', 'was', 'a', 'revelation', 'which', 'humbled', 'man', 'and', 'led', 'to', 'cultural', 'movements', 'for', 'conservation', 'of', 'biodiversity', 'In', 'the', 'following', 'chapters', 'of', 'this', 'unit', 'you', 'will', 'get', 'a', 'description', 'including', 'classification', 'of', 'animals', 'and', 'plants', 'from', 'a', 'taxonomist', 's', 'perspective']"
class_11_biology_chapter_1_1.txt,145,"['Ernst', 'Mayr', 'Born', 'on', 'July', 'in', 'Kempten', 'Germany', 'ERNST', 'MAYR', 'the', 'Harvard', 'University', 'evolutionary', 'biologist', 'who', 'has', 'been', 'called', 'The', 'Darwin', 'of', 'the', 'th', 'century', 'was', 'one', 'of', 'the', 'greatest', 'scientists', 'of', 'all', 'time', 'Mayr', 'joined', 'Harvard', 's', 'Faculty', 'of', 'Arts', 'and', 'Sciences', 'in', 'and', 'retired', 'in', 'assuming', 'the', 'title', 'Alexander', 'Agassiz', 'Professor', 'of', 'Zoology', 'Emeritus', 'Throughout', 'his', 'nearly', 'year', 'career', 'his', 'research', 'spanned', 'ornithology', 'taxonomy', 'zoogeography', 'evolution', 'systematics', 'and', 'the', 'history', 'and', 'philosophy', 'of', 'biology', 'He', 'almost', 'single', 'handedly', 'made', 'the', 'origin', 'of', 'species', 'diversity', 'the', 'central', 'question', 'of', 'evolutionary', 'biology', 'that', 'it', 'is', 'today', 'He', 'also', 'pioneered', 'the', 'currently', 'accepted', 'definition', 'of', 'a', 'biological', 'species', 'Mayr', 'was', 'awarded', 'the', 'three', 'prizes', 'widely', 'regarded', 'as', 'the', 'triple', 'crown', 'of', 'biology', 'the', 'Balzan', 'Prize', 'in', 'the', 'International', 'Prize', 'for', 'Biology', 'in', 'and', 'the', 'Crafoord', 'Prize', 'in', 'Mayr', 'died', 'at', 'the', 'age', 'of', 'in', 'the', 'year']"
class_11_biology_chapter_1_2.txt,273,"['What', 'is', 'Living', 'Diversity', 'in', 'the', 'Living', 'World', 'Taxonomic', 'Categories', 'Taxonomical', 'Aids', 'HOSOCHO', 'CHAPTER', 'THE', 'LIVING', 'WORLD', 'How', 'wonderful', 'is', 'the', 'living', 'world', 'The', 'wide', 'range', 'of', 'living', 'types', 'is', 'amazing', 'The', 'extraordinary', 'habitats', 'in', 'which', 'we', 'find', 'living', 'organisms', 'be', 'it', 'cold', 'mountains', 'deciduous', 'forests', 'oceans', 'fresh', 'water', 'lakes', 'deserts', 'or', 'hot', 'springs', 'leave', 'us', 'speechless', 'The', 'beauty', 'of', 'a', 'galloping', 'horse', 'of', 'the', 'migrating', 'birds', 'the', 'valley', 'of', 'owers', 'or', 'the', 'attacking', 'shark', 'evokes', 'awe', 'and', 'a', 'deep', 'sense', 'of', 'wonder', 'The', 'ecological', 'con', 'ict', 'and', 'cooperation', 'among', 'members', 'of', 'a', 'population', 'and', 'among', 'populations', 'of', 'a', 'community', 'or', 'even', 'the', 'molecular', 'traffic', 'inside', 'a', 'cell', 'make', 'us', 'deeply', 're', 'ect', 'on', 'what', 'indeed', 'is', 'life', 'This', 'question', 'has', 'two', 'implicit', 'questions', 'within', 'it', 'The', 'rst', 'is', 'a', 'technical', 'one', 'and', 'seeks', 'answer', 'to', 'what', 'living', 'is', 'as', 'opposed', 'to', 'the', 'non', 'living', 'and', 'the', 'second', 'is', 'a', 'philosophical', 'one', 'and', 'seeks', 'answer', 'to', 'what', 'the', 'purpose', 'of', 'life', 'is', 'As', 'scientists', 'we', 'shall', 'not', 'attempt', 'answering', 'the', 'second', 'question', 'We', 'will', 'try', 'to', 're', 'ect', 'on', 'what', 'is', 'living', 'WHAT', 'IS', 'LIVING', 'When', 'we', 'try', 'to', 'define', 'living', 'we', 'conventionally', 'look', 'for', 'distinctive', 'characteristics', 'exhibited', 'by', 'living', 'organisms', 'Growth', 'reproduction', 'ability', 'to', 'sense', 'environment', 'and', 'mount', 'a', 'suitable', 'response', 'come', 'to', 'our', 'mind', 'immediately', 'as', 'unique', 'features', 'of', 'living', 'organisms', 'One', 'can', 'add', 'a', 'few', 'more', 'features', 'like', 'metabolism', 'ability', 'to', 'self', 'replicate', 'self', 'organise', 'interact', 'and', 'emergence', 'to', 'this', 'list', 'Let', 'us', 'try', 'to', 'understand', 'each', 'of', 'these', 'All', 'living', 'organisms', 'grow', 'Increase', 'in', 'mass', 'and', 'increase', 'in', 'number', 'of', 'individuals', 'are', 'twin', 'characteristics', 'of', 'growth', 'A', 'multicellular', 'organism']"
class_11_physics_part_1_chapter_2_0.txt,318,"['llDSECHD', 'CHAPTER', 'Two', 'UNITS', 'AND', 'MEASUREMENT', 'Introduction', 'The', 'international', 'system', 'of', 'units', 'Measurement', 'of', 'length', 'Measurement', 'of', 'mass', 'Measurement', 'of', 'time', 'Accuracy', 'precision', 'of', 'instruments', 'and', 'errors', 'in', 'measurement', 'Significant', 'figures', 'Dimensions', 'of', 'physical', 'quantities', 'Dimensional', 'formulae', 'and', 'dimensional', 'equations', 'Dimensional', 'analysis', 'and', 'its', 'applications', 'Summary', 'Exercises', 'Additional', 'exercises', 'INTRODUCTION', 'Measurement', 'of', 'any', 'physical', 'quantity', 'involves', 'comparison', 'with', 'a', 'certain', 'basic', 'arbitrarily', 'chosen', 'internationally', 'accepted', 'reference', 'standard', 'called', 'unit', 'The', 'result', 'of', 'a', 'measurement', 'of', 'a', 'physical', 'quantity', 'is', 'expressed', 'by', 'a', 'number', 'or', 'numerical', 'measure', 'accompanied', 'by', 'a', 'unit', 'Although', 'the', 'number', 'of', 'physical', 'quantities', 'appears', 'to', 'be', 'very', 'large', 'we', 'need', 'only', 'a', 'limited', 'number', 'of', 'units', 'for', 'expressing', 'all', 'the', 'physical', 'quantities', 'since', 'they', 'are', 'inter', 'related', 'with', 'one', 'another', 'The', 'units', 'for', 'the', 'fundamental', 'or', 'base', 'quantities', 'are', 'called', 'fundamental', 'or', 'base', 'units', 'The', 'units', 'of', 'all', 'other', 'physical', 'quantities', 'can', 'be', 'expressed', 'as', 'combinations', 'of', 'the', 'base', 'units', 'Such', 'units', 'obtained', 'for', 'the', 'derived', 'quantities', 'are', 'called', 'derived', 'units', 'A', 'complete', 'set', 'of', 'these', 'units', 'both', 'the', 'base', 'units', 'and', 'derived', 'units', 'is', 'known', 'as', 'the', 'system', 'of', 'units', 'THE', 'INTERNATIONAL', 'SYSTEM', 'OF', 'UNITS', 'In', 'earlier', 'time', 'scientists', 'of', 'different', 'countries', 'were', 'using', 'different', 'systems', 'of', 'units', 'for', 'measurement', 'Three', 'such', 'systems', 'the', 'CGS', 'the', 'FPS', 'or', 'British', 'system', 'and', 'the', 'MKS', 'system', 'were', 'in', 'use', 'extensively', 'till', 'recently', 'The', 'base', 'units', 'for', 'length', 'mass', 'and', 'time', 'in', 'these', 'systems', 'were', 'as', 'follows', 'In', 'CGS', 'system', 'they', 'were', 'centimetre', 'gram', 'and', 'second', 'respectively', 'In', 'FPS', 'system', 'they', 'were', 'foot', 'pound', 'and', 'second', 'respectively', 'In', 'MKS', 'system', 'they', 'were', 'metre', 'kilogram', 'and', 'second', 'respectively', 'The', 'system', 'of', 'units', 'which', 'is', 'at', 'present', 'internationally', 'accepted', 'for', 'measurement', 'is', 'the', 'Systeme', 'Internationale', 'd', 'Unites', 'French', 'for', 'International', 'System', 'of', 'Units', 'abbreviated', 'as', 'SI', 'The', 'SI', 'with', 'standard', 'scheme', 'of', 'symbols', 'units', 'and', 'abbreviations', 'was', 'developed', 'and', 'recommended', 'by', 'General', 'Conference', 'on', 'Weights', 'and', 'Measures', 'in', 'for']"
class_11_physics_part_1_chapter_2_1.txt,465,"['UNITS', 'AND', 'MEASUREMENT', 'l', 'international', 'usage', 'in', 'scientific', 'technical', 'industrial', 'and', 'commercial', 'work', 'Because', 'SI', 'r', 'units', 'used', 'decimal', 'system', 'conversions', 'within', 'the', 'system', 'are', 'quite', 'simple', 'and', 'convenient', 'We', 'A', 'shall', 'follow', 'the', 'SI', 'units', 'in', 'this', 'book', 'd', 'ds', 'r', 'radian', 'In', 'SI', 'there', 'are', 'seven', 'base', 'units', 'as', 'given', 'in', 'Table', 'Besides', 'the', 'seven', 'base', 'units', 'there', 'a', 'are', 'two', 'more', 'units', 'that', 'are', 'defined', 'for', 'a', 'plane', 'r', 'angle', 'd', 'as', 'the', 'ratio', 'of', 'length', 'of', 'arc', 'ds', 'to', 'the', 'A', 'radius', 'r', 'and', 'b', 'solid', 'angle', 'd', 'as', 'the', 'ratio', 'of', 'O', 'the', 'intercepted', 'area', 'dA', 'of', 'the', 'spherical', 'surface', 'described', 'about', 'the', 'apex', 'O', 'as', 'the', 'centre', 'to', 'the', 'square', 'of', 'its', 'radius', 'r', 'as', 'shown', 'in', 'Fig', 'a', 'd', 'g', 'd', 'A', 'Z', 'steradian', 'and', 'b', 'respectively', 'The', 'unit', 'for', 'plane', 'angle', 'is', 'radian', 'with', 'the', 'symbol', 'rad', 'and', 'the', 'unit', 'for', 'the', 'solid', 'angle', 'is', 'steradian', 'with', 'the', 'symbol', 'sr', 'Both', 'Fig', 'Description', 'Of', 'a', 'plane', 'angle', 'and', 'these', 'are', 'dimensionless', 'quantities', 'b', 'solid', 'angle', 'd', 'Table', 'Base', 'Quantities', 'and', 'Units', 'Base', 'SI', 'Units', 'N', 'm', 'Length', 'metre', 'The', 'metre', 'is', 'the', 'length', 'of', 'the', 'path', 'travelled', 'by', 'light', 'in', 'vacuum', 'during', 'a', 'time', 'interval', 'of', 'of', 'a', 'second', 'Mass', 'kilogram', 'kg', 'The', 'kilogram', 'is', 'equal', 'to', 'the', 'mass', 'of', 'the', 'intemational', 'prototype', 'of', 'the', 'kilogram', 'a', 'platinum', 'iridium', 'alloy', 'cylinder', 'kept', 'at', 'international', 'Bureau', 'of', 'Weights', 'and', 'Measures', 'at', 'Sevres', 'near', 'Paris', 'France', 'Time', 'second', 's', 'The', 'second', 'is', 'the', 'duration', 'of', 'periods', 'of', 'the', 'radiation', 'corresponding', 'to', 'the', 'transition', 'between', 'the', 'two', 'hyper', 'ne', 'levels', 'of', 'the', 'ground', 'state', 'of', 'the', 'cesium', 'atom', 'Electric', 'ampere', 'A', 'The', 'ampere', 'is', 'that', 'constant', 'current', 'which', 'if', 'maintained', 'in', 'current', 'two', 'straight', 'parallel', 'conductors', 'of', 'in', 'nite', 'length', 'of', 'negligible', 'circular', 'cross', 'section', 'and', 'placed', 'metre', 'apart', 'in', 'vacuum', 'would', 'produce', 'between', 'these', 'conductors', 'a', 'force', 'equal', 'to', 'newton', 'per', 'metre', 'of', 'length', 'Thermo', 'kelvin', 'K', 'The', 'kelvin', 'is', 'the', 'fraction', 'of', 'the', 'thermodynamic', 'dynamic', 'temperature', 'of', 'the', 'triple', 'point', 'of', 'water', 'Temperature', 'Amount', 'of', 'mole', 'mol', 'The', 'mole', 'is', 'the', 'amount', 'of', 'substance', 'of', 'a', 'system', 'which', 'contains', 'substance', 'as', 'many', 'elementary', 'entities', 'as', 'there', 'are', 'atoms', 'in', 'kilogram', 'of', 'carbon', 'Luminous', 'candela', 'cd', 'The', 'candela', 'is', 'the', 'luminous', 'intensity', 'in', 'a', 'given', 'intensity', 'direction', 'of', 'a', 'source', 'that', 'emits', 'monochromatic', 'radiation', 'of', 'frequency', 'x', 'hertz', 'and', 'that', 'has', 'a', 'radiant', 'intensity', 'in', 'that', 'direction', 'of', 'watt', 'per', 'steradian', 'The', 'values', 'mentioned', 'here', 'need', 'not', 'be', 'remembered', 'or', 'asked', 'in', 'a', 'test', 'They', 'are', 'given', 'here', 'only', 'to', 'indicate', 'the', 'extent', 'of', 'accuracy', 'to', 'which', 'they', 'are', 'measured', 'With', 'progress', 'in', 'technology', 'the', 'measuring', 'techniques', 'get', 'improved', 'leading', 'to', 'measurements', 'with', 'greater', 'precision', 'The', 'de', 'nitions', 'of', 'base', 'units', 'are', 'revised', 'to', 'keep', 'up', 'with', 'this', 'progress']"
class_11_physics_part_1_chapter_2_17.txt,578,"['UNITS', 'AND', 'MEASUREMENT', 'test', 'of', 'consistency', 'of', 'units', 'but', 'has', 'the', 'advantage', 'that', 'we', 'need', 'not', 'commit', 'ourselves', 'to', 'a', 'particular', 'choice', 'of', 'units', 'and', 'we', 'need', 'not', 'worry', 'about', 'conversions', 'among', 'multiples', 'and', 'sub', 'multiples', 'of', 'the', 'units', 'It', 'may', 'be', 'borne', 'in', 'mind', 'that', 'if', 'an', 'equation', 'fails', 'this', 'consistency', 'test', 'it', 'is', 'proved', 'wrong', 'but', 'if', 'it', 'passes', 'it', 'is', 'not', 'proved', 'right', 'Thus', 'a', 'dimensionally', 'correct', 'equation', 'need', 'not', 'be', 'actually', 'an', 'exact', 'correct', 'equation', 'but', 'a', 'dimensionally', 'wrong', 'incorrect', 'or', 'inconsistent', 'equation', 'must', 'be', 'wrong', 'Example', 'Let', 'us', 'consider', 'an', 'equation', 'mv', 'm', 'h', 'where', 'm', 'is', 'the', 'mass', 'of', 'the', 'body', 'L', 'its', 'velocity', 'is', 'the', 'acceleration', 'due', 'to', 'gravity', 'and', 'It', 'is', 'the', 'height', 'Check', 'whether', 'this', 'equation', 'is', 'dimensionally', 'correct', 'Answer', 'The', 'dimensions', 'of', 'LHS', 'are', 'M', 'L', 'l', 'M', 'LZ', 'I', 'M', 'L', 'T', 'The', 'dimensions', 'of', 'RHS', 'are', 'MllL', 'L', 'MllL', 'M', 'L', 'I', 'The', 'dimensions', 'of', 'LHS', 'and', 'RHS', 'are', 'the', 'same', 'and', 'hence', 'the', 'equation', 'is', 'dimensionally', 'correct', 'Example', 'The', 'SI', 'unit', 'of', 'energy', 'is', 'J', 'kg', 'm', 's', 'that', 'of', 'speed', 'is', 'm', 'S', 'and', 'of', 'acceleration', 'a', 'is', 'm', 'S', 'Z', 'Which', 'of', 'the', 'formulae', 'for', 'kinetic', 'energy', 'K', 'given', 'below', 'can', 'you', 'rule', 'out', 'on', 'the', 'basis', 'of', 'dimensional', 'arguments', 'm', 'stands', 'for', 'the', 'mass', 'of', 'the', 'body', 'a', 'K', 'm', 'U', 'b', 'K', 'mv', 'c', 'K', 'ma', 'K', 'mv', 'e', 'K', 'mv', 'ma', 'Answer', 'Every', 'correct', 'formula', 'or', 'equation', 'must', 'have', 'the', 'same', 'dimensions', 'on', 'both', 'sides', 'of', 'the', 'equation', 'Also', 'only', 'quantities', 'with', 'the', 'same', 'physical', 'dimensions', 'can', 'be', 'added', 'or', 'subtracted', 'The', 'dimensions', 'of', 'the', 'quantity', 'on', 'the', 'right', 'side', 'are', 'M', 'L', 'T', 'for', 'a', 'M', 'L', 'T', 'for', 'b', 'and', 'd', 'M', 'LT', 'for', 'c', 'The', 'quantity', 'on', 'the', 'right', 'side', 'of', 'c', 'has', 'no', 'proper', 'dimensions', 'since', 'two', 'quantities', 'of', 'different', 'dimensions', 'have', 'been', 'added', 'Since', 'the', 'kinetic', 'energy', 'K', 'has', 'the', 'dimensions', 'of', 'M', 'L', 'T', 'formulas', 'a', 'c', 'and', 'e', 'are', 'ruled', 'out', 'Note', 'that', 'dimensional', 'arguments', 'cannot', 'tell', 'which', 'of', 'the', 'two', 'b', 'or', 'd', 'is', 'the', 'correct', 'formula', 'For', 'this', 'one', 'must', 'turn', 'to', 'the', 'actual', 'definition', 'of', 'kinetic', 'energy', 'see', 'Chapter', 'The', 'correct', 'formula', 'for', 'kinetic', 'energy', 'is', 'given', 'by', 'b', 'Deducing', 'Relation', 'among', 'the', 'Physical', 'Quantities', 'The', 'method', 'of', 'dimensions', 'can', 'sometimes', 'be', 'used', 'to', 'deduce', 'relation', 'among', 'the', 'physical', 'quantities', 'For', 'this', 'we', 'should', 'know', 'the', 'dependence', 'of', 'the', 'physical', 'quantity', 'on', 'other', 'quantities', 'upto', 'three', 'physical', 'quantities', 'or', 'linearly', 'independent', 'variables', 'and', 'consider', 'it', 'as', 'a', 'product', 'type', 'of', 'the', 'dependence', 'Let', 'us', 'take', 'an', 'example', 'Example', 'Consider', 'a', 'simple', 'pendulum', 'having', 'bob', 'attached', 'to', 'a', 'string', 'that', 'oscillates', 'under', 'the', 'action', 'of', 'the', 'force', 'of', 'gravity', 'Suppose', 'that', 'the', 'period', 'of', 'oscillation', 'of', 'the', 'simple', 'pendulum', 'depends', 'on', 'its', 'length', 'mass', 'of', 'the', 'bob', 'm', 'and', 'acceleration', 'due', 'to', 'gravity', 'g', 'Derive', 'the', 'expression', 'for', 'its', 'time', 'period', 'using', 'method', 'of', 'dimensions', 'Answer', 'The', 'dependence', 'of', 'time', 'period', 'T', 'on', 'the', 'quantities', 'l', 'g', 'and', 'm', 'as', 'a', 'product', 'may', 'be', 'written', 'as', 'T', 'k', 'l', 'ml', 'where', 'k', 'is', 'dimensionless', 'constant', 'and', 'x', 'y', 'and', 'z', 'are', 'the', 'exponents', 'By', 'considering', 'dimensions', 'on', 'both', 'sides', 'we', 'have', 'Lo', 'MUT', 'L', 'x', 'L', 'T', 'y', 'M', 'Lx', 'y', 'T', 'Zy', 'Mz', 'On', 'equating', 'the', 'dimensions', 'on', 'both', 'sides', 'we', 'have', 'x', 'y', 'O', 'y', 'l', 'andz', 's', 'thtx', 'l', 'lz', 'o', 'a', 'y', 'Then', 'T', 'kl', 'g', 'VZ']"
Computer_Science20.txt,423,"['Chapter', 'Computer', 'Abstractions', 'and', 'Technology', 'Computers', 'have', 'led', 'to', 'third', 'revolution', 'for', 'civilization', 'with', 'the', 'information', 'I', 'revolution', 'taking', 'its', 'place', 'alongside', 'the', 'agricultural', 'and', 'the', 'industrial', 'revolu', 'tions', 'The', 'resulting', 'multiplication', 'of', 'humankind', 's', 'intellectual', 'strength', 'and', 'reach', 'naturally', 'has', 'affected', 'our', 'everyday', 'lives', 'profoundly', 'and', 'also', 'changed', 'the', 'ways', 'in', 'which', 'the', 'search', 'for', 'new', 'knowledge', 'is', 'carried', 'out', 'There', 'is', 'now', 'a', 'new', 'vein', 'of', 'sci', 'entific', 'investigation', 'with', 'computational', 'scientists', 'joining', 'theoretical', 'and', 'experi', 'mental', 'scientists', 'in', 'the', 'exploration', 'of', 'new', 'frontiers', 'in', 'astronomy', 'biology', 'chemistry', 'physics', 'The', 'computer', 'revolution', 'continues', 'Each', 'time', 'the', 'cost', 'of', 'computing', 'improves', 'by', 'another', 'factor', 'of', 'the', 'opportunities', 'for', 'computers', 'multiply', 'Applications', 'that', 'were', 'economically', 'infeasible', 'suddenly', 'become', 'practical', 'In', 'the', 'recent', 'past', 'the', 'following', 'applications', 'were', 'computer', 'science', 'fiction', 'Automatic', 'teller', 'machines', 'A', 'computer', 'placed', 'in', 'the', 'wall', 'of', 'banks', 'to', 'dis', 'tribute', 'and', 'collect', 'cash', 'would', 'have', 'been', 'a', 'ridiculous', 'concept', 'in', 'the', 's', 'when', 'the', 'cheapest', 'computer', 'cost', 'at', 'least', 'and', 'was', 'the', 'size', 'of', 'a', 'car', 'Computers', 'in', 'automobiles', 'Until', 'microprocessors', 'improved', 'dramatically', 'in', 'price', 'and', 'performance', 'in', 'the', 'early', 's', 'computer', 'control', 'of', 'cars', 'was', 'ludi', 'crous', 'Today', 'computers', 'reduce', 'pollution', 'and', 'improve', 'fuel', 'efficiency', 'via', 'engine', 'controls', 'and', 'increase', 'safety', 'through', 'the', 'prevention', 'of', 'dangerous', 'skids', 'and', 'through', 'the', 'inflation', 'of', 'air', 'bags', 'to', 'protect', 'occupants', 'in', 'a', 'crash', 'Laptop', 'computers', 'VllO', 'would', 'have', 'dreamed', 'that', 'advances', 'in', 'computer', 'systems', 'would', 'lead', 'to', 'laptop', 'computers', 'allowing', 'students', 'to', 'bring', 'com', 'puters', 'to', 'coffeehouses', 'and', 'on', 'airplanes', 'Human', 'genome', 'project', 'The', 'cost', 'of', 'computer', 'equipment', 'to', 'map', 'and', 'ana', 'lyze', 'human', 'DNA', 'sequences', 'is', 'hundreds', 'of', 'millions', 'of', 'dollars', 'It', 's', 'unlikely', 'that', 'anyone', 'would', 'have', 'considered', 'this', 'project', 'had', 'the', 'computer', 'costs', 'been', 'to', 'times', 'higher', 'as', 'they', 'would', 'have', 'been', 'to', 'years', 'ago', 'World', 'Wide', 'Web', 'Not', 'in', 'existence', 'at', 'the', 'time', 'of', 'the', 'first', 'edition', 'of', 'this', 'book', 'the', 'World', 'Wide', 'Web', 'has', 'transformed', 'our', 'society', 'Among', 'its', 'uses', 'are', 'distributing', 'news', 'sending', 'flowers', 'buying', 'from', 'online', 'catalogues', 'taking', 'electronic', 'tours', 'to', 'help', 'pick', 'vacation', 'spots', 'finding', 'others', 'who', 'share', 'your', 'esoteric', 'interests', 'and', 'even', 'more', 'mundane', 'topics', 'like', 'finding', 'the', 'lecture', 'notes', 'of', 'the', 'authors', 'of', 'your', 'textbooks', 'Clearly', 'advances', 'in', 'this', 'technology', 'now', 'affect', 'almost', 'every', 'aspect', 'of', 'our', 'society', 'Hardware', 'advances', 'have', 'allowed', 'programmers', 'to', 'create', 'wonderfully', 'useful', 'soft', 'ware', 'and', 'explain', 'why', 'computers', 'are', 'omnipresent', 'Tomorrow', 's', 'science', 'fiction', 'computer', 'applications', 'are', 'the', 'cashless', 'society', 'automated', 'intelligent', 'highways', 'and', 'genuinely', 'ubiquitous', 'computing', 'no', 'one', 'carries', 'computers', 'because', 'they', 'are', 'available', 'everywhere']"
Computer_Science21.txt,595,"['Introduction', 'Classes', 'of', 'Computing', 'Applications', 'and', 'Their', 'Characteristics', 'Although', 'a', 'common', 'set', 'of', 'hardware', 'technologies', 'discussed', 'in', 'Sections', 'and', 'is', 'used', 'in', 'computers', 'ranging', 'from', 'smart', 'home', 'appliances', 'to', 'cell', 'phones', 'to', 'the', 'largest', 'supercomputers', 'these', 'different', 'applications', 'have', 'different', 'design', 'requirements', 'and', 'employ', 'the', 'core', 'hardware', 'technologies', 'in', 'different', 'ways', 'Broadly', 'speaking', 'computers', 'are', 'used', 'in', 'three', 'different', 'classes', 'of', 'applications', 'Desktop', 'computers', 'are', 'possibly', 'the', 'best', 'known', 'form', 'of', 'computing', 'and', 'are', 'desktop', 'computer', 'A', 'com', 'characterized', 'by', 'the', 'personal', 'computer', 'which', 'most', 'readers', 'of', 'this', 'book', 'have', 'puter', 'designed', 'for', 'use', 'by', 'an', 'individual', 'usually', 'incorporat', 'probably', 'used', 'extensively', 'Desktop', 'computers', 'emphasize', 'delivering', 'good', 'perfor', 'inga', 'graphics', 'display', 'keyboard', 'mance', 'to', 'a', 'single', 'user', 'at', 'low', 'cost', 'and', 'usually', 'are', 'used', 'to', 'execute', 'third', 'party', 'soft', 'and', 'mouse', 'ware', 'also', 'called', 'shrink', 'wrap', 'software', 'Desktop', 'computing', 'is', 'one', 'of', 'the', 'largest', 'markets', 'for', 'computers', 'and', 'the', 'evolution', 'of', 'many', 'computing', 'technologies', 'is', 'driven', 'by', 'this', 'class', 'of', 'computing', 'which', 'is', 'only', 'about', 'years', 'old', 'Servers', 'are', 'the', 'modern', 'form', 'of', 'what', 'was', 'once', 'mainframes', 'minicomputers', 'Server', 'A', 'computer', 'used', 'for', 'and', 'supercomputers', 'and', 'are', 'usually', 'accessed', 'only', 'via', 'a', 'network', 'Servers', 'are', 'ori', 'running', 'larger', 'programs', 'for', 'ented', 'to', 'carrying', 'large', 'workloads', 'which', 'may', 'consist', 'of', 'either', 'single', 'complex', 'multiple', 'users', 'often', 'simulta', 'neously', 'and', 'typically', 'accessed', 'applications', 'usually', 'a', 'scientific', 'or', 'engineering', 'application', 'or', 'handling', 'many', 'only', 'via', 'a', 'network', 'small', 'jobs', 'such', 'as', 'would', 'occur', 'in', 'building', 'a', 'large', 'Web', 'server', 'These', 'applications', 'are', 'often', 'based', 'on', 'software', 'from', 'another', 'source', 'such', 'as', 'a', 'database', 'or', 'simulation', 'system', 'but', 'are', 'often', 'modified', 'or', 'customized', 'for', 'a', 'particular', 'function', 'Servers', 'are', 'built', 'from', 'the', 'same', 'basic', 'technology', 'as', 'desktop', 'computers', 'but', 'provide', 'for', 'greater', 'expa', 'ndability', 'of', 'both', 'computing', 'and', 'input', 'output', 'capacity', 'As', 'we', 'will', 'see', 'in', 'the', 'Chapter', 'the', 'performance', 'of', 'a', 'server', 'can', 'be', 'measured', 'in', 'several', 'different', 'ways', 'depending', 'on', 'the', 'application', 'of', 'interest', 'In', 'general', 'servers', 'also', 'place', 'a', 'greater', 'emphasis', 'on', 'dependability', 'since', 'a', 'crash', 'is', 'usually', 'more', 'costly', 'than', 'it', 'would', 'be', 'on', 'a', 'single', 'user', 'desktop', 'computer', 'Servers', 'span', 'the', 'widest', 'range', 'in', 'cost', 'and', 'capability', 'At', 'the', 'low', 'end', 'a', 'server', 'supercomputer', 'A', 'class', 'of', 'computers', 'with', 'the', 'highest', 'per', 'may', 'be', 'little', 'more', 'than', 'a', 'desktop', 'machine', 'without', 'a', 'screen', 'or', 'keyboard', 'and', 'with', 'formance', 'and', 'cost', 'they', 'are', 'a', 'cost', 'of', 'a', 'thousand', 'dollars', 'These', 'low', 'end', 'servers', 'are', 'typically', 'used', 'for', 'file', 'stor', 'configured', 'as', 'servers', 'and', 'typi', 'age', 'small', 'business', 'applications', 'or', 'simple', 'web', 'serving', 'At', 'the', 'other', 'extreme', 'are', 'cally', 'cost', 'millions', 'ofdollars', 'supercomputers', 'which', 'at', 'the', 'present', 'consist', 'of', 'hundreds', 'to', 'thousands', 'of', 'pro', 'terabyte', 'Originally', 'cessors', 'and', 'usually', 'gigabytes', 'to', 'terabytes', 'of', 'memory', 'and', 'terabytes', 'to', 'petabytes', 'bytes', 'of', 'storage', 'and', 'cost', 'millions', 'to', 'hundreds', 'of', 'millions', 'of', 'dollars', 'Supercomputers', 'although', 'some', 'communications', 'are', 'usually', 'used', 'for', 'high', 'end', 'scientific', 'and', 'engineering', 'calculations', 'such', 'as', 'and', 'secondary', 'storage', 'systems', 'weather', 'forecasting', 'oil', 'exploration', 'protein', 'structure', 'determination', 'and', 'other', 'have', 'redefined', 'it', 'to', 'mean', 'large', 'scale', 'problems', 'Although', 'such', 'supercomputers', 'represent', 'the', 'peak', 'of', 'com', 'bytes', 'puting', 'capability', 'they', 'are', 'a', 'relatively', 'small', 'fraction', 'of', 'the', 'servers', 'and', 'a', 'relatively', 'embedded', 'computer', 'A', 'com', 'small', 'fraction', 'of', 'the', 'overall', 'computer', 'market', 'in', 'terms', 'of', 'total', 'revenue', 'puter', 'inside', 'another', 'device', 'used', 'Embedded', 'computers', 'are', 'the', 'largest', 'class', 'of', 'computers', 'and', 'span', 'the', 'widest', 'for', 'rulming', 'one', 'predetermined', 'range', 'of', 'applications', 'and', 'performance', 'Embedded', 'computers', 'include', 'the', 'micro', 'application', 'or', 'collection', 'ofsoft', 'processors', 'found', 'in', 'your', 'washing', 'machine', 'and', 'car', 'the', 'computers', 'in', 'a', 'cell', 'phone', 'ware']"
Computer_Science392.txt,499,"['Chapter', 'Enhancing', 'Performance', 'with', 'Plpellnlng', 'Data', 'Hazards', 'data', 'hazard', 'Also', 'called', 'pipe', 'Data', 'hazards', 'occur', 'when', 'the', 'pipeline', 'must', 'be', 'stalled', 'because', 'one', 'step', 'must', 'wait', 'line', 'data', 'hazard', 'An', 'occurrence', 'for', 'another', 'to', 'complete', 'Suppose', 'you', 'found', 'a', 'sock', 'at', 'the', 'folding', 'station', 'for', 'in', 'which', 'a', 'planned', 'instruction', 'which', 'no', 'match', 'existed', 'One', 'possible', 'strategy', 'is', 'to', 'run', 'down', 'to', 'your', 'room', 'and', 'cannot', 'execute', 'in', 'the', 'proper', 'search', 'through', 'your', 'clothes', 'bureau', 'to', 'see', 'if', 'you', 'can', 'find', 'the', 'match', 'Obviously', 'clock', 'cycle', 'because', 'data', 'that', 'is', 'while', 'you', 'are', 'doing', 'the', 'search', 'loads', 'that', 'have', 'completed', 'drying', 'and', 'are', 'ready', 'to', 'needed', 'to', 'exeUite', 'the', 'instruc', 'fold', 'and', 'those', 'that', 'have', 'finished', 'washing', 'and', 'are', 'ready', 'to', 'dry', 'must', 'wait', 'tion', 'is', 'not', 'yet', 'available', 'In', 'a', 'computer', 'pipeline', 'data', 'hazards', 'arise', 'from', 'the', 'dependence', 'of', 'one', 'instruc', 'tion', 'on', 'an', 'earlier', 'one', 'that', 'is', 'still', 'in', 'the', 'pipeline', 'a', 'relationship', 'that', 'does', 'not', 'really', 'exist', 'when', 'doing', 'laundry', 'For', 'example', 'suppose', 'we', 'have', 'an', 'add', 'instruction', 'fol', 'lowed', 'immediately', 'by', 'a', 'subtract', 'instruction', 'that', 'uses', 'the', 'sum', 'sO', 'add', 'sO', 'tO', 't', 'sub', 'tZ', 'sO', 't', 'Without', 'intervention', 'a', 'data', 'hazard', 'could', 'severely', 'stall', 'the', 'pipeline', 'The', 'add', 'instruction', 'doesn', 't', 'write', 'its', 'result', 'until', 'the', 'fifth', 'stage', 'meaning', 'that', 'we', 'would', 'have', 'to', 'add', 'three', 'bubbles', 'to', 'the', 'pipeline', 'Although', 'we', 'could', 'try', 'to', 'rely', 'on', 'compilers', 'to', 'remove', 'all', 'such', 'hazards', 'the', 'results', 'would', 'not', 'be', 'satisfactory', 'These', 'dependences', 'happen', 'just', 'too', 'often', 'and', 'the', 'delay', 'is', 'just', 'too', 'long', 'to', 'expect', 'the', 'compiler', 'to', 'rescue', 'us', 'from', 'this', 'dilemma', 'The', 'primary', 'solution', 'is', 'based', 'on', 'the', 'observation', 'that', 'we', 'don', 't', 'need', 'to', 'wait', 'for', 'forwarding', 'Also', 'called', 'the', 'instruction', 'to', 'complete', 'before', 'trying', 'to', 'resolve', 'the', 'data', 'hazard', 'For', 'the', 'code', 'bypassing', 'A', 'method', 'of', 'resolving', 'a', 'data', 'hazard', 'by', 'sequence', 'above', 'as', 'soon', 'as', 'the', 'ALU', 'creates', 'the', 'sum', 'for', 'the', 'add', 'we', 'can', 'supply', 'it', 'retrieving', 'the', 'missing', 'data', 'as', 'an', 'input', 'for', 'the', 'subtract', 'Adding', 'extra', 'hardware', 'to', 'retrieve', 'the', 'missing', 'item', 'element', 'from', 'internal', 'buffers', 'early', 'from', 'the', 'internal', 'resources', 'is', 'called', 'forwarding', 'or', 'bypassing', 'rather', 'than', 'waiting', 'for', 'it', 'to', 'arrive', 'from', 'programmer', 'visible', 'registers', 'or', 'memory', 'Forwarding', 'with', 'Two', 'Instructions', 'For', 'the', 'two', 'instructions', 'above', 'show', 'what', 'pipeline', 'stages', 'would', 'be', 'con', 'EXAMPLE', 'nected', 'by', 'forwarding', 'Use', 'the', 'drawing', 'in', 'Figure', 'to', 'represent', 'the', 'datapath', 'during', 'the', 'five', 'stages', 'of', 'the', 'pipeline', 'Align', 'a', 'copy', 'of', 'the', 'datapath', 'for', 'each', 'instruction', 'similar', 'to', 'the', 'laundry', 'pipeline', 'in', 'Figure', 'Figure', 'shows', 'the', 'connection', 'to', 'forward', 'the', 'value', 'in', 'sO', 'after', 'the', 'execu', 'ANSWER', 'tion', 'stage', 'of', 'the', 'add', 'instruction', 'as', 'input', 'to', 'the', 'execution', 'stage', 'of', 'the', 'su', 'b', 'in', 'struction', 'In', 'this', 'graphical', 'representation', 'of', 'events', 'forwarding', 'paths', 'are', 'valid', 'only', 'if', 'the', 'destination', 'stage', 'is', 'later', 'in', 'time', 'than', 'the', 'source', 'stage', 'For', 'example', 'there', 'cannot', 'be', 'a', 'valid', 'fonva', 'rding', 'path', 'from', 'the', 'output', 'of', 'the', 'memory', 'access', 'stage', 'in', 'the', 'first']"
History_153.txt,760,"['Cuban', 'revolution', 'response', 'to', 'perceived', 'Communist', 'aggression', 'around', 'rise', 'of', 'the', 'Jesuit', 'and', 'university', 'educated', 'lawyer', 'Fidel', 'the', 'world', 'and', 'contributed', 'to', 'deepened', 'U', 'S', 'interven', 'Castro', 'and', 'his', 'band', 'of', 'revolutionaries', 'On', 'July', 'tion', 'in', 'Vietnam', 'Castro', 'at', 'the', 'head', 'of', 'a', 'group', 'of', 'men', 'See', 'also', 'cold', 'war', 'attacked', 'the', 'Moncada', 'barracks', 'in', 'Oriente', 'province', 'in', 'eastern', 'Cuba', 'The', 'assault', 'was', 'quickly', 'defeated', 'but', 'Further', 'reading', 'Chang', 'Lawrence', 'and', 'Peter', 'Kornbluh', 'eds', 'catapulted', 'Castro', 'into', 'national', 'prominence', 'At', 'his', 'The', 'Cuban', 'Missile', 'Crisis', 'A', 'National', 'Security', 'Archive', 'trial', 'in', 'October', 'he', 'delivered', 'a', 'brilliant', 'speech', 'Documents', 'Reader', 'New', 'York', 'The', 'New', 'Press', 'later', 'turned', 'into', 'a', 'pamphlet', 'and', 'becoming', 'one', 'of', 'the', 'Nathan', 'James', 'Anatomy', 'of', 'the', 'Cuban', 'Missile', 'Crisis', 'West', 'defining', 'texts', 'of', 'the', 'revolution', 'whose', 'title', 'repeated', 'its', 'port', 'CT', 'Greenwood', 'Press', 'closing', 'words', 'History', 'will', 'absolve', 'me', 'Sentenced', 'to', 'years', 'in', 'prison', 'Castro', 'became', 'something', 'of', 'a', 'Michael', 'J', 'Schroeder', 'folk', 'hero', 'for', 'his', 'eloquent', 'denunciations', 'of', 'the', 'Batista', 'dictatorship', 'and', 'the', 'island', 's', 'social', 'injustices', 'Released', 'on', 'May', 'in', 'a', 'general', 'amnesty', 'Cuban', 'revolution', 'Castro', 'traveled', 'to', 'Mexico', 'to', 'form', 'a', 'guerrilla', 'army', 'of', 'Cuban', 'exiles', 'In', 'February', 'he', 'announced', 'the', 'for', 'On', 'January', 'a', 'broad', 'based', 'insurrectionary', 'mation', 'of', 'his', 'July', 'Movement', 'and', 'on', 'November', 'movement', 'with', 'Fidel', 'Castro', 'at', 'its', 'helm', 'overthrew', 'with', 'other', 'men', 'departed', 'Tuxpan', 'Mexico', 'aboard', 'the', 'dictatorship', 'of', 'Fulgencio', 'Batista', 'and', 'inaugurated', 'the', 'yacht', 'Granma', 'headed', 'for', 'eastern', 'Cuba', 'which', 'they', 'the', 'Cuban', 'revolution', 'a', 'process', 'of', 'social', 'transforma', 'reached', 'on', 'December', 'tion', 'that', 'continues', 'to', 'the', 'present', 'writing', 'Its', 'ideology', 'The', 'guerrilla', 'war', 'in', 'the', 'Sierra', 'Maestra', 'in', 'was', 'at', 'first', 'broadly', 'nationalist', 'and', 'democratic', 'but', 'by', 'is', 'the', 'topic', 'of', 'an', 'expansive', 'literature', 'Led', 'by', 'Castro', 'the', 'revolution', 'was', 'proclaimed', 'unambiguously', 'his', 'brother', 'Ra', 'l', 'and', 'the', 'Argentine', 'Ernesto', 'Che', 'socialist', 'and', 'Marxist', 'Leninist', 'One', 'of', 'only', 'a', 'handful', 'Guevara', 'the', 'rebels', 'gradually', 'earned', 'the', 'trust', 'of', 'the', 'of', 'social', 'revolutions', 'in', 'th', 'century', 'Latin', 'America', 'the', 'peasants', 'and', 'workers', 'who', 'comprised', 'the', 'region', 's', 'Cuban', 'revolution', 'had', 'a', 'major', 'impact', 'not', 'only', 'within', 'majority', 'It', 'also', 'established', 'contacts', 'with', 'politically', 'Cuba', 'but', 'around', 'the', 'world', 'disaffected', 'labor', 'leaders', 'workers', 'students', 'intellectu', 'In', 'Latin', 'America', 'the', 'revolution', 'encouraged', 'the', 'for', 'als', 'and', 'other', 'activists', 'in', 'Cuba', 's', 'major', 'cities', 'especially', 'mation', 'of', 'leftist', 'and', 'neo', 'Marxist', 'ideologies', 'and', 'move', 'Havana', 'whose', 'protest', 'movements', 'soon', 'dovetailed', 'with', 'ments', 'of', 'national', 'liberation', 'sparking', 'a', 'florescence', 'of', 'Castro', 's', 'After', 'a', 'complex', 'series', 'of', 'events', 'that', 'found', 'the', 'guerrilla', 'groups', 'in', 'the', 's', 'and', 'after', 'that', 'hoped', 'to', 'Batista', 'regime', 'increasingly', 'beleaguered', 'Castro', 's', 'forces', 'duplicate', 'the', 'successes', 'of', 'the', 'Cuban', 'revolutionaries', 'entered', 'Havana', 'in', 'triumph', 'on', 'January', 'The', 'Sandinista', 'revolution', 'in', 'Nicaragua', 'for', 'On', 'seizing', 'power', 'the', 'revolutionaries', 'embarked', 'instance', 'found', 'much', 'of', 'its', 'inspiration', 'in', 'the', 'events', 'on', 'a', 'program', 'of', 'social', 'transformation', 'that', 'focused', 'in', 'Cuba', 'as', 'did', 'other', 'national', 'liberation', 'and', 'guerrilla', 'on', 'nationalization', 'of', 'major', 'industries', 'and', 'broad', 'movements', 'from', 'Mexico', 'to', 'Argentina', 'By', 'bringing', 'a', 'ranging', 'reforms', 'in', 'land', 'ownership', 'housing', 'rents', 'Marxist', 'Leninist', 'regime', 'to', 'the', 'historic', 'backyard', 'food', 'and', 'related', 'spheres', 'Since', 'a', 'large', 'proportion', 'of', 'of', 'the', 'United', 'States', 'the', 'Cuban', 'revolution', 'was', 'also', 'a', 'Cuban', 'land', 'and', 'industries', 'were', 'U', 'S', 'owned', 'the', 'stage', 'major', 'event', 'in', 'the', 'cold', 'war', 'Its', 'effects', 'were', 'felt', 'in', 'was', 'set', 'for', 'confrontation', 'with', 'the', 'United', 'States', 'Hos', 'Angola', 'Mozambique', 'Vietnam', 'and', 'scores', 'of', 'other', 'tile', 'rhetoric', 'intensified', 'on', 'both', 'sides', 'as', 'the', 'adminis', 'nation', 'states', 'around', 'the', 'world', 'particularly', 'in', 'the', 'two', 'tration', 'of', 'Dwight', 'D', 'Eisenhower', 'under', 'pressure', 'from', 'decades', 'following', 'Batista', 's', 'ouster', 'business', 'interests', 'and', 'anticommunists', 'interpreted', 'The', 'revolution', 'found', 'its', 'long', 'term', 'origins', 'in', 'the', 'events', 'in', 'Cuba', 'through', 'the', 'prism', 'of', 'the', 'cold', 'war', 'In', 'structural', 'dependency', 'of', 'Cuba', 'on', 'the', 'United', 'States', 'February', 'the', 'Castro', 'regime', 'signed', 'a', 'trade', 'agree', 'since', 'the', 'thwarting', 'of', 'Cuban', 'independence', 'in', 'ment', 'with', 'the', 'Soviet', 'Union', 'in', 'which', 'the', 'Soviets', 'agreed', 'and', 'the', 'U', 'S', 'imposed', 'Platt', 'Amendment', 'of', 'to', 'sell', 'Cuba', 'oil', 'at', 'a', 'discount', 'and', 'buy', 'Cuban', 'sugar', 'at', 'which', 'prompted', 'denunciations', 'of', 'Yankee', 'imperial', 'a', 'high', 'price', 'In', 'June', 'Standard', 'Oil', 'Texaco', 'and', 'Shell', 'ism', 'across', 'the', 'island', 'and', 'in', 'the', 'poverty', 'econom', 'refused', 'to', 'refine', 'Soviet', 'oil', 'prompting', 'the', 'Castro', 'ic', 'inequalities', 'and', 'political', 'disfranchisement', 'of', 'the', 'regime', 'to', 'nationalize', 'their', 'refineries', 'In', 'retaliation', 'the', 'Cuban', 'people', 'under', 'a', 'series', 'of', 'dictatorial', 'regimes', 'Eisenhower', 'administration', 'cancelled', 'its', 'commitment', 'to', 'Most', 'narratives', 'of', 'the', 'revolution', 'begin', 'with', 'the', 'buy', 'its', 'annual', 'sugar', 'quota', 'of', 'tons', 'which', 'the']"
History_20.txt,526,"['xx', 'Chronology', 'Korean', 'Armistice', 'Military', 'Coup', 'in', 'Argentina', 'On', 'July', 'the', 'signing', 'of', 'an', 'armistice', 'between', 'the', 'President', 'Juan', 'Per', 'n', 'of', 'Argentina', 'is', 'ousted', 'by', 'the', 'United', 'Nations', 'and', 'North', 'Korea', 'ends', 'the', 'fighting', 'of', 'military', 'Following', 'the', 'death', 'of', 'his', 'wife', 'Eva', 'he', 'loses', 'the', 'Korean', 'War', 'much', 'of', 'his', 'support', 'Stalin', 'Dies', 'Mao', 'Zedong', 'Mao', 'Tse', 'tung', 'Launches', 'Flow', 'Joseph', 'Stalin', 'leader', 'of', 'the', 'Soviet', 'Union', 'dies', 'at', 'the', 'ers', 'Campaign', 'age', 'of', 'Stalin', 'is', 'succeeded', 'by', 'Georgy', 'Malenkov', 'Intellectuals', 'in', 'China', 'are', 'punished', 'for', 'criticizing', 'the', 'and', 'later', 'Nikita', 'Khrushchev', 'Chinese', 'Communist', 'Party', 'U', 'S', 'South', 'Korea', 'Mutual', 'Defense', 'Treaty', 'Soviet', 'Troops', 'March', 'into', 'Hungary', 'The', 'United', 'States', 'signs', 'a', 'military', 'accord', 'with', 'South', 'Rioting', 'against', 'the', 'Soviets', 'erupts', 'throughout', 'Hungary', 'Korea', 'Soviet', 'troops', 'are', 'called', 'in', 'to', 'put', 'down', 'the', 'revolt', 'Dien', 'Bien', 'Phu', 'Tunisia', 'and', 'Morocco', 'Become', 'Independent', 'On', 'May', 'Dien', 'Bien', 'Phu', 'falls', 'to', 'Communist', 'Viet', 'Large', 'scale', 'opposition', 'to', 'French', 'rule', 'forces', 'the', 'minh', 'forces', 'and', 'with', 'it', 'so', 'do', 'French', 'hopes', 'of', 'victory', 'French', 'to', 'grant', 'independence', 'to', 'Morocco', 'in', 'Vietnam', 'Sudan', 'Becomes', 'Independent', 'Geneva', 'Accords', 'Sudan', 'had', 'been', 'under', 'joint', 'Egyptian', 'British', 'rule', 'The', 'Geneva', 'Accords', 'end', 'the', 'French', 'war', 'in', 'Indo', 'The', 'Sudanese', 'vote', 'for', 'independence', 'and', 'on', 'January', 'china', 'Under', 'the', 'terms', 'the', 'country', 'is', 'divided', 'into', 'the', 'country', 's', 'independence', 'is', 'declared', 'a', 'communist', 'north', 'and', 'noncommunist', 'south', 'Laos', 'and', 'Cambodia', 'also', 'become', 'independent', 'Suez', 'War', 'After', 'sustained', 'terrorist', 'attacks', 'launched', 'from', 'Egyp', 'SEATO', 'Is', 'Formed', 'tian', 'territory', 'Israel', 'in', 'coordination', 'with', 'Britain', 'and', 'In', 'an', 'additional', 'collective', 'security', 'alliance', 'modeled', 'on', 'France', 'attack', 'and', 'capture', 'the', 'Sinai', 'Peninsula', 'from', 'the', 'North', 'Atlantic', 'Treaty', 'Organization', 'eight', 'nations', 'Egypt', 'At', 'the', 'same', 'time', 'Britain', 'and', 'France', 'seize', 'the', 'form', 'the', 'South', 'East', 'Asia', 'Treaty', 'Organization', 'Suez', 'Canal', 'which', 'has', 'been', 'nationalized', 'by', 'Egypt', 'Republic', 'of', 'China', 'U', 'S', 'Mutual', 'Defense', 'Treaty', 'Common', 'Market', 'Is', 'Formed', 'The', 'United', 'States', 'provides', 'the', 'Republic', 'of', 'China', 'An', 'economic', 'union', 'is', 'formed', 'by', 'six', 'European', 'coun', 'protection', 'against', 'the', 'People', 's', 'Republic', 'of', 'China', 'tries', 'Revolt', 'in', 'Algeria', 'Britain', 'Grants', 'Independence', 'to', 'Malaysia', 'The', 'National', 'Liberation', 'Front', 'FLN', 'begins', 'a', 'revolt', 'Malaysia', 'is', 'granted', 'independence', 'from', 'British', 'colo', 'against', 'French', 'rule', 'nial', 'rule', 'and', 'becomes', 'a', 'centralized', 'federation', 'with', 'a', 'constitutional', 'monarchy', 'Segregation', 'Is', 'Ruled', 'Illegal', 'The', 'U', 'S', 'Supreme', 'Court', 'in', 'the', 'case', 'of', 'Brown', 'v', 'Board', 'Sputnik', 'Is', 'Launched', 'of', 'Education', 'rules', 'that', 'segregation', 'is', 'unconstitutional', 'On', 'October', 'the', 'Soviet', 'Union', 'launches', 'the', 'first', 'arti', 'ficial', 'satellite', 'into', 'space', 'U', 'S', 'Backs', 'Coup', 'in', 'Guatemala', 'The', 'Guatemalan', 'government', 'of', 'Jacobo', 'Arbenz', 'Guz', 'Second', 'Indochina', 'War', 'man', 'is', 'overthrown', 'by', 'military', 'forces', 'led', 'by', 'Colonel', 'A', 'war', 'of', 'national', 'liberation', 'in', 'the', 'wake', 'of', 'World', 'Carlos', 'Castillo', 'Armas', 'Armas', 'receives', 'direct', 'support', 'War', 'II', 'is', 'fought', 'by', 'nationalist', 'Vietnamese', 'against', 'from', 'the', 'U', 'S', 'Central', 'Intelligence', 'Agency', 'French', 'American', 'and', 'Chinese', 'forces', 'Bandung', 'Conference', 'of', 'Nonaligned', 'Nations', 'Military', 'Dictatorship', 'Ends', 'in', 'Venezuela', 'A', 'conference', 'is', 'held', 'in', 'Bandung', 'Indonesia', 'under', 'A', 'nine', 'year', 'military', 'dictatorship', 'in', 'Venezuela', 'is', 'oust', 'People', 's', 'Republic', 'of', 'China', 'and', 'India', 's', 'leadership', 'ed', 'in', 'Large', 'scale', 'rioting', 'leads', 'to', 'its', 'fall']"
History_21.txt,491,"['Chronology', 'xxi', 'Imre', 'Nagy', 'Is', 'Executed', 'in', 'Hungary', 'is', 'created', 'with', 'Joseph', 'Kasavubu', 'as', 'president', 'and', 'The', 'Hungarian', 'Communist', 'regime', 'executes', 'Imre', 'Patrice', 'Lumumba', 'as', 'premier', 'A', 'civil', 'war', 'subsequent', 'Nagy', 'the', 'leader', 'of', 'the', 'Hungarian', 'revolution', 'of', 'ly', 'breaks', 'out', 'when', 'Moise', 'Tshombe', 'declares', 'Kantaga', 'Province', 'independent', 'Egypt', 'and', 'Syria', 'Join', 'United', 'Arab', 'Republic', 'Gamal', 'Abdel', 'Nasser', 'successfully', 'negotiates', 'the', 'merg', 'Kennedy', 'Is', 'Inaugurated', 'er', 'of', 'Egypt', 'and', 'Syria', 'into', 'the', 'United', 'Arab', 'Republic', 'President', 'John', 'Kennedy', 'gives', 'a', 'brief', 'but', 'stirring', 'inau', 'gural', 'speech', 'that', 'signifies', 'the', 'birth', 'of', 'a', 'new', 'era', 'U', 'S', 'Troops', 'Land', 'in', 'Lebanon', 'President', 'Dwight', 'Eisenhower', 'orders', 'U', 'S', 'Agreement', 'Establishes', 'Malaysia', 'Federation', 'Marines', 'to', 'Lebanon', 'to', 'help', 'maintain', 'order', 'after', 'An', 'agreement', 'is', 'reached', 'on', 'the', 'establishment', 'of', 'a', 'the', 'ouster', 'of', 'the', 'pro', 'Western', 'Lebanese', 'government', 'Malaysian', 'federation', 'comprising', 'Malaysia', 'Singa', 'and', 'the', 'revolution', 'in', 'Iraq', 'brings', 'down', 'a', 'pro', 'British', 'pore', 'Sarawak', 'Brunei', 'and', 'British', 'Borneo', 'regime', 'Border', 'War', 'Between', 'China', 'and', 'India', 'Mao', 'Zedong', 's', 'Great', 'Leap', 'Forward', 'Battles', 'break', 'out', 'between', 'the', 'two', 'countries', 'over', 'dis', 'Mao', 'Zedong', 'Mao', 'Tse', 'tung', 'launches', 'an', 'economic', 'puted', 'territory', 'and', 'social', 'plan', 'with', 'the', 'goal', 'of', 'transforming', 'mainland', 'China', 'into', 'a', 'modern', 'communist', 'society', 'Burundi', 'Independence', 'Burundi', 'was', 'a', 'part', 'of', 'Belgian', 'Mandated', 'Territory', 'Singapore', 'Gains', 'Independence', 'It', 'petitions', 'the', 'United', 'Nations', 'for', 'full', 'independence', 'Singapore', 'becomes', 'an', 'independent', 'state', 'in', 'the', 'British', 'which', 'is', 'granted', 'in', 'Commonwealth', 'on', 'June', 'Algeria', 'Is', 'Granted', 'Independence', 'Uprising', 'in', 'Tibet', 'On', 'July', 'Algerians', 'vote', 'overwhelmingly', 'for', 'indepen', 'Fighting', 'breaks', 'out', 'between', 'Communist', 'Chinese', 'dence', 'from', 'France', 'On', 'July', 'Algeria', 'officially', 'declares', 'troops', 'and', 'the', 'population', 'in', 'Lhasa', 'who', 'are', 'rebelling', 'its', 'independence', 'against', 'Communist', 'rule', 'Dalai', 'Lama', 'flees', 'to', 'India', 'Environmental', 'Movement', 'Is', 'Launched', 'Castro', 'Seizes', 'Power', 'in', 'Cuba', 'Rachel', 'Carson', 's', 'book', 'Silent', 'Spring', 'is', 'published', 'in', 'On', 'January', 'Fidel', 'Castro', 'marches', 'into', 'Havana', 'September', 'By', 'describing', 'the', 'effects', 'of', 'the', 'use', 'of', 'pes', 'after', 'Cuban', 'dictator', 'Batista', 'flees', 'ticides', 'and', 'other', 'chemicals', 'on', 'the', 'environment', 'Car', 'son', 'helps', 'launch', 'the', 'environmental', 'movement', 'Syngman', 'Rhee', 'Is', 'Ousted', 'President', 'of', 'South', 'Korea', 'Syngman', 'Rhee', 'is', 'ousted', 'by', 'Cuban', 'Missile', 'Crisis', 'student', 'protests', 'The', 'Soviets', 'secretly', 'place', 'medium', 'range', 'missiles', 'in', 'Cuba', 'When', 'the', 'U', 'S', 'government', 'finds', 'out', 'it', 'block', 'Sino', 'Soviet', 'Split', 'ades', 'Cuba', 'The', 'Soviets', 'pull', 'out', 'the', 'missiles', 'ending', 'An', 'ideological', 'split', 'develops', 'between', 'Communist', 'the', 'crisis', 'China', 'and', 'the', 'Soviet', 'Union', 'Armed', 'border', 'conflict', 'occurs', 'between', 'the', 'two', 'nations', 'Kenya', 'Declares', 'Independence', 'On', 'December', 'Great', 'Britain', 'grants', 'Kenya', 'inde', 'African', 'Independence', 'pendence', 'within', 'the', 'Commonwealth', 'Niger', 'Mauritania', 'Mali', 'French', 'Congo', 'Chad', 'and', 'Madagascar', 'all', 'become', 'independent', 'OAU', 'Is', 'Founded', 'Representatives', 'of', 'of', 'the', 'independent', 'nations', 'Nigerian', 'Independence', 'of', 'Africa', 'meet', 'in', 'Addis', 'Ababa', 'Ethiopia', 'to', 'form', 'the', 'On', 'October', 'Nigeria', 'becomes', 'independent', 'Organization', 'of', 'African', 'Unity', 'OAU', 'Belgian', 'Congo', 'Independence', 'Nuclear', 'Test', 'Ban', 'Agreement', 'On', 'June', 'an', 'independent', 'Republic', 'of', 'the', 'Congo', 'The', 'first', 'test', 'ban', 'agreement', 'between', 'the', 'United', 'States']"
Math_14.txt,202,"['Homework', 'Helpers', 'Basic', 'Math', 'and', 'Pre', 'Algebra', 'In', 'the', 'number', 'the', 'symbol', 'is', 'located', 'in', 'the', 'tens', 'place', 'and', 'the', 'symbol', 'is', 'located', 'in', 'the', 'ones', 'place', 'As', 'we', 'continue', 'to', 'count', 'we', 'in', 'crease', 'the', 'number', 'located', 'in', 'the', 'ones', 'place', 'until', 'we', 'reach', 'The', 'next', 'number', 'is', 'written', 'The', 'number', 'in', 'the', 'tens', 'place', 'is', 'increased', 'by', 'and', 'we', 'start', 'over', 'with', 'in', 'the', 'ones', 'place', 'Our', 'numbers', 'can', 'increase', 'by', 'changing', 'the', 'value', 'in', 'the', 'ones', 'place', 'These', 'same', 'symbols', 'are', 're', 'cycled', 'in', 'this', 'pattern', 'to', 'describe', 'numbers', 'through', 'At', 'this', 'point', 'we', 'need', 'another', 'place', 'One', 'hundred', 'is', 'represented', 'by', 'the', 'number', 'The', 'symbol', 'is', 'located', 'in', 'the', 'hundreds', 'place', 'and', 'there', 'are', 's', 'in', 'the', 'tens', 'place', 'and', 'the', 'ones', 'place', 'We', 'continue', 'with', 'this', 'pattern', 'until', 'we', 'get', 'to', 'The', 'cycle', 'continues', 'and', 'the', 'thousands', 'place', 'is', 'introduced', 'As', 'the', 'dots', 'signify', 'this', 'is', 'how', 'the', 'list', 'of', 'counting', 'numbers', 'can', 'go', 'on', 'forever', 'Lesson', 'Symbols', 'Used', 'Symbol', 'Meaning', 'Example', 'Addition', 'Subtraction', 'or', 'Multiplication', 'or', 'Divided', 'by', 'Is', 'equal', 'to', 'Is', 'not', 'equal', 'to', 'Is', 'greater', 'than', 'Is', 'greater', 'than', 'or', 'equal', 'to', 'Is', 'less', 'than', 'Is', 'less', 'than', 'or', 'equal', 'to', 'www', 'ebook', 'com']"
Math_147.txt,138,"['Inequalities', 'and', 'Graphs', 'have', 'the', 'symmetric', 'property', 'so', 'if', 'you', 'have', 'an', 'inequality', 'such', 'as', 'x', 'and', 'you', 'want', 'to', 'turn', 'the', 'inequality', 'around', 'you', 'must', 'write', 'x', 'If', 'you', 'interchange', 'the', 'sides', 'of', 'an', 'inequality', 'the', 'inequality', 'symbol', 'must', 'be', 'turned', 'around', 'so', 'that', 'it', 'points', 'to', 'the', 'same', 'expression', 'that', 'it', 'pointed', 'to', 'originally', 'The', 'addition', 'transformations', 'are', 'summarized', 'in', 'the', 'table', 'shown', 'on', 'page', 'Example', 'Solve', 'the', 'inequality', 'x', 'Solution', 'Subtract', 'from', 'both', 'sides', 'and', 'simplify', 'The', 'solution', 'is', 'all', 'real', 'numbers', 'less', 'than', 'Example', 'Solve', 'the', 'inequality', 'x', 'Solution', 'Add', 'to', 'both', 'sides', 'and', 'simplify', 'The', 'solution', 'is', 'all', 'real', 'numbers', 'less', 'than', 'The', 'transformations', 'involving', 'multiplication', 'and', 'division', 'are', 'summa', 'rized', 'in', 'the', 'table', 'shown', 'on', 'page', 'Pay', 'special', 'attention', 'to', 'the', 'transfor', 'mations', 'that', 'involve', 'multiplying', 'or', 'dividing', 'by', 'a', 'negative', 'number']"
Math_15.txt,265,"['Numbers', 'Just', 'as', 'language', 'has', 'other', 'symbols', 'besides', 'letters', 'there', 'are', 'periods', 'semicolons', 'and', 'question', 'marks', 'math', 'uses', 'other', 'symbols', 'besides', 'num', 'bers', 'These', 'symbols', 'tell', 'you', 'what', 'to', 'do', 'with', 'the', 'numbers', 'The', 'four', 'most', 'common', 'operations', 'are', 'addition', 'subtraction', 'multiplication', 'and', 'divi', 'sion', 'Although', 'there', 'is', 'just', 'one', 'symbol', 'for', 'addition', 'and', 'one', 'symbol', 'for', 'subtraction', 'there', 'are', 'several', 'symbols', 'for', 'multiplication', 'and', 'division', 'In', 'addition', 'to', 'manipulating', 'numbers', 'you', 'can', 'also', 'compare', 'them', 'To', 'do', 'that', 'you', 'need', 'to', 'know', 'the', 'symbols', 'for', 'less', 'than', 'and', 'greater', 'than', 'The', 'chart', 'on', 'page', 'lists', 'the', 'main', 'symbols', 'that', 'we', 'will', 'use', 'here', 'and', 'gives', 'some', 'examples', 'of', 'how', 'they', 'are', 'used', 'Lesson', 'Addition', 'To', 'get', 'started', 'we', 'should', 'begin', 'by', 'reviewing', 'the', 'principles', 'of', 'addi', 'tion', 'The', 'symbol', 'for', 'addition', 'is', 'and', 'the', 'numbers', 'to', 'be', 'added', 'are', 'called', 'addends', 'The', 'result', 'of', 'the', 'addition', 'is', 'called', 'the', 'sum', 'The', 'symbol', 'for', 'what', 'the', 'sum', 'is', 'equal', 'to', 'is', 'the', 'equal', 'sign', 'With', 'addition', 'the', 'order', 'doesn', 't', 'matter', 'The', 'sum', 'and', 'the', 'sum', 'are', 'the', 'same', 'Because', 'the', 'order', 'that', 'we', 'add', 'things', 'doesn', 't', 'matter', 'we', 'say', 'that', 'addition', 'is', 'commutative', 'Sometimes', 'addition', 'is', 'written', 'horizontally', 'Other', 'times', 'addition', 'is', 'written', 'vertically', 'When', 'written', 'vertically', 'the', 'horizontal', 'line', 'represents', 'the', 'equal', 'sign', 'The', 'vertical', 'representation', 'is', 'particularly', 'use', 'ful', 'when', 'you', 'are', 'adding', 'two', 'numbers', 'with', 'two', 'or', 'more', 'digits', 'It', 'helps', 'keep', 'track', 'of', 'the', 'places', 'for', 'the', 'ones', 'tens', 'hundreds', 'etc', 'by', 'writing', 'the', 'two', 'numbers', 'in', 'a', 'column', 'format', 'with', 'those', 'places', 'aligned', 'Example', 'Find', 'the', 'sum', 'Solution']"
No Of Files in Dataset,18
No of Unique Words in Dataset,1664
Unique Words,"['ababa', 'abbreviated', 'abbreviation', 'abdel', 'ability', 'able', 'aboard', 'absolve', 'abstraction', 'acceleration', 'accepted', 'access', 'accessed', 'accompanied', 'accord', 'account', 'accountancy', 'accounting', 'accuracy', 'accurate', 'across', 'action', 'activist', 'actual', 'actually', 'added', 'addend', 'addi', 'adding', 'addis', 'addition', 'additional', 'ade', 'adminis', 'administration', 'advance', 'advantage', 'affect', 'affected', 'africa', 'african', 'agassiz', 'agency', 'aggression', 'agree', 'agreed', 'agreement', 'agricultural', 'aid', 'airplane', 'alexander', 'algebra', 'algeria', 'algerian', 'align', 'aligned', 'alliance', 'allowed', 'allowing', 'alloy', 'almost', 'alongside', 'also', 'although', 'amazing', 'amendment', 'america', 'american', 'amnesty', 'among', 'amount', 'ampere', 'analysis', 'anatomy', 'andz', 'angle', 'angola', 'animal', 'animate', 'announced', 'annual', 'another', 'answer', 'answering', 'anthropocentric', 'anticommunists', 'anyone', 'apart', 'apex', 'appearing', 'appears', 'appliance', 'application', 'arab', 'arbenz', 'arbitrarily', 'archive', 'area', 'argentina', 'argentine', 'argument', 'arise', 'armas', 'armed', 'armistice', 'army', 'around', 'arrive', 'art', 'arti', 'asia', 'asked', 'aspect', 'assault', 'assuming', 'astronomy', 'atlantic', 'atom', 'attached', 'attack', 'attacked', 'attacking', 'attempt', 'attention', 'author', 'automated', 'automatic', 'automobile', 'available', 'awarded', 'back', 'backyard', 'bag', 'balance', 'balancing', 'balzan', 'band', 'bandung', 'bank', 'barrack', 'base', 'based', 'basic', 'basis', 'batista', 'battle', 'beauty', 'became', 'become', 'becomes', 'becoming', 'began', 'begin', 'beginning', 'being', 'beleaguered', 'belgian', 'bers', 'besides', 'best', 'bien', 'biggest', 'biodiversity', 'biological', 'biologist', 'biology', 'bird', 'birth', 'block', 'board', 'body', 'book', 'border', 'born', 'borne', 'borneo', 'break', 'brief', 'brilliant', 'bring', 'bringing', 'brings', 'britain', 'british', 'broad', 'broadly', 'brother', 'brought', 'brown', 'brunei', 'bubble', 'buffer', 'building', 'built', 'bureau', 'burundi', 'business', 'buying', 'bypassing', 'byte', 'calculation', 'called', 'cally', 'cambodia', 'campaign', 'canal', 'cancelled', 'candela', 'cannot', 'capability', 'capacity', 'capture', 'car', 'carbon', 'career', 'carlos', 'carried', 'carry', 'carrying', 'carson', 'case', 'cash', 'cashbook', 'cashless', 'castillo', 'castro', 'catalogue', 'catapulted', 'category', 'cell', 'centimetre', 'central', 'centralized', 'centre', 'century', 'certain', 'cesium', 'cessors', 'chad', 'chang', 'changed', 'changing', 'chapter', 'characteristic', 'characterized', 'chart', 'cheapest', 'check', 'chemical', 'chemistry', 'cheque', 'china', 'chinese', 'choice', 'chosen', 'chronological', 'chronology', 'circular', 'city', 'civil', 'civilization', 'class', 'classification', 'clearly', 'clock', 'closing', 'clothes', 'code', 'coffeehouse', 'cold', 'collect', 'collection', 'collective', 'colo', 'colonel', 'column', 'combination', 'come', 'commercial', 'commit', 'commitment', 'common', 'commonwealth', 'communication', 'communist', 'community', 'commutative', 'compare', 'comparison', 'compiler', 'complete', 'completed', 'complex', 'comprised', 'comprises', 'comprising', 'computational', 'computer', 'computing', 'concept', 'conductor', 'conference', 'configured', 'conflict', 'confrontation', 'congo', 'connection', 'conservation', 'consider', 'considered', 'considering', 'consist', 'consistency', 'constant', 'constitutional', 'contact', 'contains', 'continue', 'continues', 'contributed', 'control', 'convenient', 'conventionally', 'conversion', 'conveys', 'cooperation', 'coordination', 'copy', 'core', 'correct', 'corresponding', 'cost', 'costly', 'could', 'coun', 'count', 'counting', 'country', 'coup', 'court', 'crafoord', 'crash', 'crease', 'create', 'created', 'creates', 'credit', 'credited', 'crisis', 'criticizing', 'cross', 'crous', 'crown', 'cuba', 'cuban', 'cultural', 'cumbersome', 'current', 'currently', 'customized', 'cycle', 'cycled', 'cylinder', 'dalai', 'dangerous', 'darwin', 'data', 'database', 'datapath', 'daybook', 'death', 'debit', 'debited', 'decade', 'december', 'deciduous', 'decimal', 'declared', 'declares', 'deduce', 'deducing', 'deep', 'deepened', 'deeply', 'defeated', 'defense', 'define', 'defined', 'defining', 'definition', 'deified', 'delay', 'delivered', 'delivering', 'democratic', 'dence', 'denunciation', 'departed', 'dependability', 'dependence', 'dependency', 'depending', 'depends', 'deposited', 'derive', 'derived', 'describe', 'described', 'describing', 'description', 'desert', 'design', 'designed', 'desktop', 'destination', 'detailed', 'determination', 'developed', 'develops', 'device', 'dictator', 'dictatorial', 'dictatorship', 'died', 'dien', 'difference', 'different', 'digit', 'dilemma', 'dimension', 'dimensional', 'dimensionally', 'dimensionless', 'direct', 'direction', 'disaffected', 'discount', 'discus', 'discussed', 'disfranchisement', 'display', 'distinctive', 'distributing', 'diversity', 'divi', 'divided', 'dividing', 'division', 'document', 'dollar', 'dot', 'dovetailed', 'dramatically', 'drawing', 'dreamed', 'driven', 'drying', 'duplicate', 'duration', 'dwight', 'dy', 'dynamic', 'earlier', 'early', 'earned', 'earth', 'easily', 'east', 'eastern', 'ebook', 'ecological', 'econom', 'economic', 'economical', 'economically', 'edition', 'educated', 'education', 'effect', 'efficiency', 'efficient', 'egyp', 'egypt', 'egyptian', 'eight', 'eisenhower', 'either', 'electric', 'electronic', 'element', 'elementary', 'eloquent', 'embarked', 'embedded', 'emergence', 'emeritus', 'emits', 'emphasis', 'emphasize', 'employ', 'encouraged', 'end', 'ending', 'energy', 'engine', 'engineering', 'enhancing', 'ented', 'entered', 'entific', 'entity', 'entry', 'environment', 'environmental', 'equal', 'equating', 'equation', 'equipment', 'ernesto', 'ernst', 'error', 'erupts', 'esoteric', 'especially', 'established', 'establishes', 'establishment', 'ethiopia', 'european', 'even', 'event', 'ever', 'every', 'everyday', 'everywhere', 'evident', 'evoked', 'evokes', 'evolution', 'evolutionary', 'exact', 'example', 'execu', 'execute', 'executed', 'executes', 'execution', 'exercise', 'exeuite', 'exhibited', 'exile', 'exist', 'existed', 'existence', 'expa', 'expands', 'expansive', 'expect', 'experi', 'explain', 'exploration', 'exponent', 'expressed', 'expressing', 'expression', 'extensively', 'extent', 'extra', 'extraordinary', 'extreme', 'factor', 'faculty', 'fails', 'fall', 'fear', 'feature', 'february', 'federation', 'felt', 'ficial', 'fiction', 'fidel', 'fifth', 'fighting', 'figure', 'file', 'find', 'finding', 'finished', 'fire', 'first', 'five', 'flees', 'florescence', 'flow', 'flower', 'focused', 'fold', 'folding', 'folk', 'follow', 'following', 'follows', 'fonva', 'food', 'foot', 'force', 'forecasting', 'forest', 'forever', 'form', 'formance', 'format', 'formed', 'formula', 'forward', 'forwarding', 'fought', 'found', 'founded', 'four', 'fraction', 'france', 'french', 'frequency', 'fresh', 'front', 'frontier', 'fuel', 'fulgencio', 'full', 'function', 'fundamental', 'furniture', 'gain', 'galloping', 'gamal', 'general', 'generally', 'geneva', 'genome', 'genuinely', 'georgy', 'germany', 'gigabyte', 'give', 'given', 'goal', 'good', 'government', 'gradually', 'gram', 'granma', 'grant', 'granted', 'graph', 'graphic', 'graphical', 'gravity', 'great', 'greater', 'greatest', 'greenwood', 'ground', 'group', 'grow', 'growth', 'guatemala', 'guatemalan', 'guerrilla', 'guevara', 'gural', 'gurmeet', 'habitat', 'hand', 'handedly', 'handful', 'handling', 'happen', 'hardware', 'harvard', 'havana', 'hazard', 'head', 'headed', 'height', 'held', 'helm', 'help', 'helper', 'hence', 'hero', 'hertz', 'high', 'higher', 'highest', 'highway', 'historic', 'history', 'home', 'homework', 'hope', 'hoped', 'horizontal', 'horizontally', 'horse', 'hosocho', 'housing', 'human', 'humankind', 'humbled', 'hundred', 'hungarian', 'hungary', 'hyper', 'identification', 'ideological', 'ideology', 'illegal', 'illustrated', 'immediately', 'impact', 'imperial', 'implicit', 'imposed', 'improve', 'improved', 'improves', 'imre', 'inanimate', 'inau', 'inaugurated', 'include', 'including', 'inconsistent', 'incorporat', 'incorrect', 'increase', 'increased', 'increasingly', 'inde', 'indeed', 'indepen', 'independence', 'independent', 'india', 'indicate', 'individual', 'indo', 'indochina', 'indonesia', 'indulged', 'industrial', 'industry', 'inequality', 'infeasible', 'inflation', 'information', 'inga', 'injustice', 'input', 'inside', 'inspiration', 'instalment', 'instance', 'instruc', 'instruction', 'instrument', 'insurance', 'insurrectionary', 'intellectu', 'intellectual', 'intelligence', 'intelligent', 'intemational', 'intensified', 'intensity', 'inter', 'interact', 'intercepted', 'interchange', 'interest', 'internal', 'international', 'internationale', 'internationally', 'interpreted', 'interval', 'interven', 'intervention', 'introduced', 'introduction', 'investigation', 'involve', 'involves', 'involving', 'inwards', 'iochl', 'iraq', 'iridium', 'island', 'israel', 'item', 'jacobo', 'james', 'january', 'jesuit', 'job', 'john', 'join', 'joined', 'joining', 'joint', 'joseph', 'jour', 'journal', 'juan', 'july', 'june', 'kamal', 'kantaga', 'kasavubu', 'keep', 'kelvin', 'kempten', 'kennedy', 'kenya', 'kept', 'keyboard', 'khrushchev', 'kilogram', 'kinetic', 'kingdom', 'know', 'knowledge', 'known', 'korea', 'korean', 'kornbluh', 'labor', 'labour', 'lake', 'lama', 'land', 'language', 'lao', 'laptop', 'large', 'larger', 'largest', 'later', 'latin', 'launch', 'launched', 'laundry', 'lawrence', 'lawyer', 'le', 'lead', 'leader', 'leadership', 'leading', 'leap', 'learning', 'learnt', 'least', 'leave', 'lebanese', 'lebanon', 'lecture', 'ledger', 'left', 'leftist', 'length', 'leninist', 'lesson', 'letter', 'level', 'lhasa', 'liberation', 'life', 'light', 'like', 'limited', 'line', 'linearly', 'list', 'literature', 'little', 'lived', 'living', 'lldsechd', 'load', 'located', 'long', 'look', 'loses', 'lowed', 'ludi', 'luminous', 'lumumba', 'lyze', 'machine', 'madagascar', 'made', 'maestra', 'main', 'mainframe', 'mainland', 'maintain', 'maintained', 'major', 'majority', 'make', 'malaysia', 'malaysian', 'malenkov', 'mali', 'mance', 'mandated', 'manipulating', 'many', 'march', 'marine', 'mark', 'market', 'marxist', 'mass', 'match', 'math', 'mation', 'mations', 'matter', 'mauritania', 'mayr', 'mean', 'meaning', 'meant', 'measure', 'measured', 'measurement', 'measuring', 'medium', 'meet', 'member', 'memory', 'ment', 'mental', 'mentioned', 'ments', 'merg', 'metabolism', 'method', 'metre', 'mexico', 'michael', 'micro', 'microprocessor', 'migrating', 'military', 'million', 'mind', 'minh', 'minicomputer', 'missile', 'missing', 'mlll', 'modeled', 'modern', 'modified', 'moise', 'mole', 'molecular', 'monarchy', 'moncada', 'monochromatic', 'monthly', 'monumental', 'morocco', 'mount', 'mountain', 'mouse', 'move', 'movement', 'mozambique', 'much', 'mudit', 'multicellular', 'multiple', 'multiplication', 'multiply', 'multiplying', 'mundane', 'must', 'mutual', 'nagy', 'nalise', 'name', 'narrative', 'nasser', 'nathan', 'nation', 'national', 'nationalist', 'nationalization', 'nationalize', 'nationalized', 'naturally', 'nature', 'ndability', 'near', 'nearly', 'necessity', 'nected', 'need', 'needed', 'negative', 'negligible', 'negotiates', 'neously', 'network', 'news', 'newton', 'next', 'nial', 'nicaragua', 'niger', 'nigeria', 'nigerian', 'nikita', 'nine', 'nite', 'nitions', 'nomenclature', 'nonaligned', 'noncommunist', 'north', 'note', 'notice', 'november', 'nuclear', 'number', 'numerical', 'object', 'objective', 'observation', 'observe', 'obtained', 'obviously', 'occupant', 'occur', 'occurrence', 'occurs', 'ocean', 'october', 'ofdollars', 'officially', 'ofsoft', 'often', 'omnipresent', 'one', 'online', 'operation', 'opportunity', 'opposed', 'opposition', 'order', 'organisation', 'organise', 'organism', 'organization', 'oriente', 'origin', 'original', 'originally', 'ornithology', 'oscillates', 'oscillation', 'others', 'oust', 'ousted', 'ouster', 'output', 'outwards', 'overall', 'overthrew', 'overthrown', 'overwhelmingly', 'owers', 'owned', 'ownership', 'page', 'paid', 'pamphlet', 'parallel', 'paris', 'part', 'particular', 'particularly', 'party', 'pass', 'past', 'path', 'patrice', 'pattern', 'payment', 'peak', 'peasant', 'pendence', 'pendulum', 'peninsula', 'people', 'perceive', 'perceived', 'perfor', 'performance', 'period', 'personal', 'perspective', 'petabyte', 'peter', 'petition', 'petty', 'philosophical', 'philosophy', 'phone', 'physic', 'physical', 'pick', 'pioneered', 'pipe', 'pipeline', 'place', 'placed', 'plan', 'plane', 'planned', 'plant', 'platinum', 'platt', 'plpellnlng', 'point', 'pointed', 'political', 'politically', 'pollution', 'popular', 'population', 'pore', 'port', 'possible', 'possibly', 'post', 'posted', 'posting', 'pound', 'poverty', 'power', 'practical', 'precision', 'predetermined', 'premier', 'prepare', 'present', 'president', 'press', 'pressure', 'prevention', 'price', 'primary', 'principle', 'prism', 'prison', 'prize', 'probably', 'problem', 'process', 'processor', 'proclaimed', 'produce', 'product', 'professor', 'profit', 'profoundly', 'program', 'programmer', 'progress', 'project', 'prominence', 'prompted', 'prompting', 'proper', 'property', 'proportion', 'protect', 'protection', 'protein', 'protest', 'prototype', 'prove', 'proved', 'provide', 'provides', 'province', 'published', 'pull', 'punished', 'purchase', 'purchased', 'purpose', 'puted', 'puter', 'puters', 'puting', 'quantity', 'question', 'quick', 'quickly', 'quite', 'quota', 'rachel', 'radian', 'radiant', 'radiation', 'radius', 'range', 'ranging', 'rather', 'ratio', 'rding', 'reach', 'reached', 'reader', 'reading', 'ready', 'real', 'really', 'rebel', 'rebelling', 'receipt', 'received', 'receives', 'recent', 'recently', 'recognition', 'recommended', 'record', 'recorded', 'recording', 'redefined', 'reduce', 'reference', 'refine', 'refinery', 'reform', 'refused', 'regarded', 'regime', 'region', 'register', 'related', 'relating', 'relation', 'relationship', 'relatively', 'released', 'rely', 'remembered', 'remove', 'rent', 'repeated', 'repetitive', 'replicate', 'represent', 'representation', 'representative', 'represented', 'represents', 'reproduction', 'republic', 'required', 'requirement', 'rescue', 'research', 'resolve', 'resolving', 'resource', 'respect', 'respective', 'respectively', 'response', 'result', 'resulting', 'retaliation', 'retired', 'retrieve', 'retrieving', 'retum', 'return', 'revelation', 'revenue', 'reviewing', 'revised', 'revolt', 'revolu', 'revolution', 'revolutionary', 'rhee', 'rhetoric', 'ridiculous', 'right', 'rioting', 'rise', 'rized', 'room', 'roopa', 'rukmani', 'rule', 'ruled', 'rulming', 'running', 'safety', 'salary', 'sale', 'sandinista', 'sarawak', 'satellite', 'satisfactory', 'scale', 'scheme', 'schroeder', 'science', 'scientific', 'scientist', 'score', 'screen', 'search', 'seato', 'second', 'secondary', 'secretly', 'section', 'security', 'seek', 'segregation', 'seize', 'seizes', 'seizing', 'self', 'sell', 'semicolon', 'sending', 'sense', 'sentenced', 'separate', 'september', 'sequence', 'serf', 'series', 'server', 'serving', 'settlement', 'seven', 'several', 'severely', 'sevres', 'shall', 'share', 'sharing', 'shark', 'shell', 'show', 'shown', 'shrink', 'side', 'sierra', 'sign', 'signed', 'significant', 'signifies', 'signify', 'signing', 'silent', 'similar', 'similarity', 'similarly', 'simple', 'simplify', 'simulation', 'simulta', 'sinai', 'since', 'singa', 'singapore', 'single', 'sino', 'sion', 'size', 'skid', 'small', 'smart', 'social', 'socialist', 'society', 'sock', 'soft', 'software', 'sold', 'solid', 'solution', 'solve', 'something', 'sometimes', 'soon', 'source', 'south', 'soviet', 'space', 'span', 'spanned', 'sparking', 'speaking', 'special', 'specie', 'speech', 'speechless', 'speed', 'sphere', 'spherical', 'spin', 'split', 'spot', 'spring', 'sputnik', 'square', 'stage', 'stalin', 'stall', 'stalled', 'stand', 'standard', 'start', 'started', 'state', 'station', 'stationery', 'step', 'steradian', 'still', 'stirring', 'stor', 'storage', 'straight', 'strategy', 'strength', 'string', 'struction', 'structural', 'structure', 'student', 'study', 'studying', 'subsequent', 'subsidiary', 'substance', 'subtract', 'subtracted', 'subtraction', 'succeeded', 'success', 'successfully', 'sudan', 'sudanese', 'suddenly', 'suez', 'sugar', 'suitable', 'summa', 'summarized', 'summary', 'supercomputer', 'supply', 'support', 'suppose', 'supreme', 'surface', 'sustained', 'symbol', 'symmetric', 'syngman', 'syria', 'system', 'systematic', 'systematics', 'systeme', 'table', 'take', 'taking', 'taxonomic', 'taxonomical', 'taxonomist', 'taxonomy', 'technical', 'technique', 'technology', 'tell', 'teller', 'temperature', 'ten', 'terabyte', 'term', 'territory', 'terrorist', 'test', 'texaco', 'text', 'textbook', 'theoretical', 'therefore', 'thermo', 'thermodynamic', 'thing', 'third', 'thousand', 'three', 'throughout', 'thtx', 'thus', 'thwarting', 'tian', 'tibet', 'ticides', 'tile', 'till', 'time', 'tion', 'tions', 'title', 'today', 'tomorrow', 'ton', 'topic', 'total', 'tour', 'track', 'trade', 'trader', 'traffic', 'transaction', 'transfor', 'transforma', 'transformation', 'transformed', 'transforming', 'transition', 'tration', 'traveled', 'travelled', 'treaty', 'trial', 'tribute', 'triple', 'triumph', 'troop', 'trust', 'try', 'trying', 'tshombe', 'tung', 'tunisia', 'turn', 'turned', 'tuxpan', 'twin', 'type', 'typi', 'typically', 'ubiquitous', 'unambiguously', 'unconstitutional', 'understand', 'union', 'unique', 'unit', 'united', 'unites', 'unity', 'university', 'unlikely', 'uprising', 'upto', 'us', 'usage', 'used', 'useful', 'user', 'using', 'usually', 'vacation', 'vacuum', 'valid', 'valley', 'value', 'variable', 'vein', 'velocity', 'venezuela', 'vertical', 'vertically', 'victory', 'viet', 'vietnam', 'vietnamese', 'view', 'visible', 'vllo', 'vote', 'wait', 'waiting', 'wake', 'wall', 'want', 'ware', 'washing', 'water', 'watt', 'way', 'weather', 'weight', 'well', 'west', 'western', 'whereas', 'whether', 'whose', 'wide', 'widely', 'widest', 'wife', 'wind', 'within', 'without', 'wonder', 'wonderful', 'wonderfully', 'word', 'work', 'worker', 'workload', 'world', 'worry', 'would', 'wrap', 'write', 'writing', 'written', 'wrong', 'yacht', 'yankee', 'year', 'york', 'zedong', 'zoogeography', 'zoology']"
